id,user_id,nome_escola,proprietario,endereco_completo,numero,bairro,macroregiao,telefone_fixo,telefone_celular,created_at,updated_at,tipo_escola,email,alunos_creche,alunos_infantil,alunos_fundamental_i,alunos_fundamental_ii
,a90b0633-b4d5-46b8-929c-50d0dfee9934,A BELA ADORMECIDA EM,SME RIO PRETO,Praça Ugolino Ugolini,48,Vila Maceno,Central,(17) 3224-8288,(17) 98165-0775,,,EMEI,bela@educacao.riopreto.sp.gov.br,11,75,,
,a90b0633-b4d5-46b8-929c-50d0dfee9934,ADELAIDE KAUAM MEDINA EM,SME RIO PRETO,Rua Luiz Lourenço,105,Parque das Aroeiras II,Cidade da Criança,(17) 3231-4964,(17) 98165-0048,,,EMEI,adelaide.kauam@educacao.riopreto.sp.gov.br,137,173,,
,a90b0633-b4d5-46b8-929c-50d0dfee9934,ADELÍCIO TEODORO DR EM,SME RIO PRETO,Rua Eduardo Macedo Ribas,505,Jardim Nunes,Céu,(17) 3217-2272,(17) 98165-0636,,,EMEI,adelicio@educacao.riopreto.sp.gov.br,182,168,,
,a90b0633-b4d5-46b8-929c-50d0dfee9934,ADHERBAL ABRÃO DOS SANTOS PROF EM,SME RIO PRETO,Rua Victório Antonio Menezello,710,Jardim Maracanã,HB,(17) 3227-0986,(17) 98165-0811,,,EMEF,adherbal@educacao.riopreto.sp.gov.br,,,236,
,a90b0633-b4d5-46b8-929c-50d0dfee9934,AGOSTINHO BRANDI PROF EM,SME RIO PRETO,Rua Professor José Arroyo Filho,210,Cristo Rei,Vila Toninho,(17) 3238-4703,(17) 98165-0794,,,EMEI,agostinho.brandi@educacao.riopreto.sp.gov.br,,87,,
,a90b0633-b4d5-46b8-929c-50d0dfee9934,ALBERTO JOSÉ ISMAEL PROF EM,SME RIO PRETO,Rua Engenheiro José Henrique Duarte,339,Quinta das Paineiras,HB,(17) 3227-5877,(17) 98165-0735,,,EMEIF,alberto.ismael@educacao.riopreto.sp.gov.br,,89,207,
,a90b0633-b4d5-46b8-929c-50d0dfee9934,ALVARO LUIZ ANGELONI EM,SME RIO PRETO,Rua Jackeline de Freitas do Prado,420,Parque Residencial da Lealdade,Talhado,(17) 3229-7605,(17) 98165-0049,,,EMEF,alvaro.angeloni@educacao.riopreto.sp.gov.br,,,496,
,a90b0633-b4d5-46b8-929c-50d0dfee9934,AMÁLIA SENIR LISBOA PONTES GESTAL PROFA EM,SME RIO PRETO,Rua Francisco Sinezando Júnior,S/Nº,Romano Calil,Vila Toninho,(17) 3218-1633,(17) 98165-0073,,,EMEI,amalia@educacao.riopreto.sp.gov.br,,72,,
,a90b0633-b4d5-46b8-929c-50d0dfee9934,AMAURY DE ASSIS FERREIRA PROF EM,SME RIO PRETO,Rua Jamil Kfouri,1035,Macedo Teles,Cidade da Criança,(17) 3236-7633,(17) 98165-0096,,,EMEF,amaury@educacao.riopreto.sp.gov.br,,,480,
,a90b0633-b4d5-46b8-929c-50d0dfee9934,AMELIA BALBO SACCHETIN EEI,SME RIO PRETO,Av Antonio Marcos de Oliveira,3250,Jardim das Oliveiras,Pinheirinho,(17) 3236-7900,NULL,,,EMEI,amelia@educacao.riopreto.sp.gov.br,208,,,
,a90b0633-b4d5-46b8-929c-50d0dfee9934,ANA MENDES DE OLIVEIRA CASTRO PAES EM,SME RIO PRETO,Avenida Feliciano Salles Cunha,2130,Gonzaga de Campos,Cidade da Criança,(17) 3231-7275,(17) 98165-0108,,,EMEI,ana.mendes@educacao.riopreto.sp.gov.br,104,104,,
,a90b0633-b4d5-46b8-929c-50d0dfee9934,ANAZIA JOSÉ BOLCONE EM,SME RIO PRETO,Rua Arthur Roma,4037,Jardim Residencial Vetorasso,Cidade da Criança,(17) 3236-5738,(17) 98165-0053,,,EMEI,anazia@educacao.riopreto.sp.gov.br,178,,,
,a90b0633-b4d5-46b8-929c-50d0dfee9934,ANNA MANTOVANI DE ANDRADE PROFA EM,SME RIO PRETO,Rua José Dias Arroyo,205,Residencial Cidade Jardim,HB,(17) 98165-0215,(17) 98165-0215,,,EMEI,anna.mantovani@educacao.riopreto.sp.gov.br,55,118,,
,a90b0633-b4d5-46b8-929c-50d0dfee9934,ANTÔNIO DE PÁDUA PEROSA DEP EM,SME RIO PRETO,Rua Antoninho da Rocha Marmo,S/Nº,Vila União,Pinheirinho,(17) 3219-8180,(17) 98165-0120,,,EMEI,antonio.padua@educacao.riopreto.sp.gov.br,121,,,
,a90b0633-b4d5-46b8-929c-50d0dfee9934,ANTÔNIO DE SOUZA EM,SME RIO PRETO,Rua Renato Pereira de Campos,2079,Residencial Caetano,Céu,(17) 3219-7680,(17) 98165-0131,,,EMEF,antonio.souza@educacao.riopreto.sp.gov.br,,,656,
,a90b0633-b4d5-46b8-929c-50d0dfee9934,ANTÔNIO ESPADA FILHO PROF DR EM,SME RIO PRETO,Avenida José da Silva Sé,500,Parque da Liberdade,Represa,(17) 3215-6883,(17) 98165-0519,,,EMEF,espada.filho@educacao.riopreto.sp.gov.br,,,525,
,a90b0633-b4d5-46b8-929c-50d0dfee9934,ANTONIO TEIXEIRA MARQUES EM,SME RIO PRETO,Rua Ararigboia,775,Vila Progresso,Central,(17) 3224-8719,(17) 98165-0307,,,EMEF,tema@educacao.riopreto.sp.gov.br,,,589,
,a90b0633-b4d5-46b8-929c-50d0dfee9934,APARECIDA HOMSI DE SALLES CUNHA PROFA EM,SME RIO PRETO,Rua José Tebar,S/Nº,Jardim Antunes,Pinheirinho,(17) 3237-5881,(17) 98165-0138,,,EMEI,ap.homsi@educacao.riopreto.sp.gov.br,28,376,,
,a90b0633-b4d5-46b8-929c-50d0dfee9934,ARLINDO DOS SANTOS DEP EM,SME RIO PRETO,Rua Major João Batista França,100,Vila Curti,Central,(17) 3232-8689,(17) 98165-0145,,,EMEF,arlindo.santos@educacao.riopreto.sp.gov.br,,,491,
,a90b0633-b4d5-46b8-929c-50d0dfee9934,BEATRIZ DE CARVALHO SEIXAS EM,SME RIO PRETO,Rua José Domingues Neto,220,Vila Toninho,Vila Toninho,(17) 3238-1486,(17) 98165-0147,,,EMEI,beatriz.carvalho@educacao.riopreto.sp.gov.br,172,,,
,a90b0633-b4d5-46b8-929c-50d0dfee9934,BOSQUE ENCANTADO EM,SME RIO PRETO,Rua Waldir Lacerda,140,Jardim do Bosque I,Bosque,(17) 3224-0616,(17) 98165-0701,,,EMEI,bosque@educacao.riopreto.sp.gov.br,,149,,
,a90b0633-b4d5-46b8-929c-50d0dfee9934,CACHINHOS DE OURO EM - Unidade I,SME RIO PRETO,Rua Joaquim Mariano Seixas,351,Vila Diniz,Central,(17) 3234-4939,(17) 98165-0149,,,EMEI,cachinhos@educacao.riopreto.sp.gov.br,171,110,,
,a90b0633-b4d5-46b8-929c-50d0dfee9934,CACHINHOS DE OURO EM - Unidade II,SME RIO PRETO,Rua Padre Anchieta,27,Vila Ercília,Central,(17) 3234-3525,NULL,,,EMEI,cachinhosii@educacao.riopreto.sp.gov.br,,,,
,a90b0633-b4d5-46b8-929c-50d0dfee9934,CAMINHEIROS DO ALEM EEI,SME RIO PRETO,Rua Prof. Dario de Jesus,235,Jardim Itapema,Central,(17) 3237-0345,17988030299,,,EMEI,caminheiros@educacao.riopreto.sp.gov.br,185,,,
,a90b0633-b4d5-46b8-929c-50d0dfee9934,CARLOS MILANESI ENG EM,SME RIO PRETO,Rua José Piedade,1980,Jardim Antonieta,Cidade da Criança,(17) 3237-5459,(17) 98165-0389,,,EMEI,carlos.milanesi@educacao.riopreto.sp.gov.br,145,,,
,a90b0633-b4d5-46b8-929c-50d0dfee9934,CARMEN NELITA ANSELMO VETTORAZZO PROFA EM,SME RIO PRETO,Estrada Municipal Valdomiro Lopes da Silva,S/Nº,Estância Bela Vista,Cidade da Criança,(17) 3217-1383,(17) 98165-0165,,,EMEF,carmen.nelita@educacao.riopreto.sp.gov.br,,,732,
,a90b0633-b4d5-46b8-929c-50d0dfee9934,CASTELO DO BOSQUE EM,SME RIO PRETO,Rua Bosque Municipal,201,Jardim Castelinho,Bosque,(17) 3224-8865,(17) 98165-0064,,,EMEI,castelo.bosque@educacao.riopreto.sp.gov.br,14,154,,
,a90b0633-b4d5-46b8-929c-50d0dfee9934,CELESTE MARIA ALMEIDA GOUVEIA EM,SME RIO PRETO,Rua Aimores,510,Vila Anchirta,Bosque,(17) 3224-3646,(17) 98165-0376,,,EMEI,celeste@educacao.riopreto.sp.gov.br,197,,,
,a90b0633-b4d5-46b8-929c-50d0dfee9934,CELESTE MARIA ALMEIDA GOUVEIA EM -Unidade II,SME RIO PRETO,Rua Cila,3366,Vila Redentora,Central,(17) 98165-0835,(17) 98165-0835,,,EMEI,celeste.redentora@educacao.riopreto.sp.gov.br,,,,
,a90b0633-b4d5-46b8-929c-50d0dfee9934,CÉLIA HOMSI DE MELO PROFA EM,SME RIO PRETO,Rua Francisco Alves de Andrade,S/Nº,Jardim João Paulo II,Central,(17) 3224-1858,(17) 98165-0327,,,EMEI,celia.homsi@educacao.riopreto.sp.gov.br,82,,,
,a90b0633-b4d5-46b8-929c-50d0dfee9934,CENOBELINO DE BARROS SERRA DR EM,SME RIO PRETO,Avenida da Saudade,3719,Vila Ercília,nan,(17) 3234-7686,(17) 98165-0711,,,EMEF,cenobelino@educacao.riopreto.sp.gov.br,,,598,
,a90b0633-b4d5-46b8-929c-50d0dfee9934,CÉU ENCANTADO EM,SME RIO PRETO,Rua Cristóvão Colombo,160,Vila Maceno,Central,(17) 3224-1314,(17) 98165-0216,,,EMEI,ceu@educacao.riopreto.sp.gov.br,,98,,
,a90b0633-b4d5-46b8-929c-50d0dfee9934,CHAFIC BALURA PROF EM,SME RIO PRETO,Rua Antonio Francisco Coutinho,S/Nº,Pq. Res. Dom Lafayete Libânio,Central,(17) 3217-1042,(17) 98165-0253,,,EMEI,chafic@educacao.riopreto.sp.gov.br,,249,,
,a90b0633-b4d5-46b8-929c-50d0dfee9934,CHAPEUZINHO VERMELHO EM,SME RIO PRETO,Rua Independência,3621,Jardim Europa,Pinheirinho,(17) 3234-7192,(17) 98165-0569,,,EMEI,chapeuzinho@educacao.riopreto.sp.gov.br,62,,,
,a90b0633-b4d5-46b8-929c-50d0dfee9934,CINDERELA EM,SME RIO PRETO,Rua Oswaldo Aranha,279,Jardim Conceição,Central,(17) 3235-4589,(17) 98165-0528,,,EMEI,cinderela@educacao.riopreto.sp.gov.br,,98,,
,a90b0633-b4d5-46b8-929c-50d0dfee9934,CLEOPHAS BELTRAN SILVENTE PROF EM,SME RIO PRETO,Rua João Gabriel,388,Jardim dos Gomes,Cidade da Criança,(17) 3238-8310,(17) 98165-0225,,,EMEF,cleophas@educacao.riopreto.sp.gov.br,,,389,
,a90b0633-b4d5-46b8-929c-50d0dfee9934,CLÓVIS SANFELICE PROF EM,SME RIO PRETO,Avenida São José do Rio Preto,4365,Solo Sagrado,Central,(17) 3236-2648,(17) 98165-0226,,,EMEI,clovis.sanfelice@educacao.riopreto.sp.gov.br,,243,,
,a90b0633-b4d5-46b8-929c-50d0dfee9934,CYRINO VAZ DE LIMA EM,SME RIO PRETO,Rua Reginaldo Perpétuo Raimundo Salgado,266,Parque Nova Esperança,Vila Toninho,(17) 3237-6139,(17) 98165-0245,,,EMEF,cyrino@educacao.riopreto.sp.gov.br,,,503,
,a90b0633-b4d5-46b8-929c-50d0dfee9934,DAISY ROLLEMBERG TREFIGLIO PROFA EM,SME RIO PRETO,Rua Arthur Pagliusi Neto,250,Parque da Cidadania,Pinheirinho,(17) 3236-1181,(17) 98165-0422,,,EMEI,daisy@educacao.riopreto.sp.gov.br,,363,,
,a90b0633-b4d5-46b8-929c-50d0dfee9934,DARCY RIBEIRO EM,SME RIO PRETO,Rua Geraldo Barbosa de Oliveira,S/Nº,Jardim Santo Antônio,Céu,(17) 3236-7207,(17) 98165-0404,,,EMEF,darcy@educacao.riopreto.sp.gov.br,,,,832
,a90b0633-b4d5-46b8-929c-50d0dfee9934,DAUD JORGE SIMÃO PROF EM,SME RIO PRETO,Rua Doutor Argemiro Acayba de Toledo,80,Residencial Cidade Jardim,Céu,(17) 3227-7011,(17) 98165-0620,,,EMEF,daud@educacao.riopreto.sp.gov.br,,,319,
,a90b0633-b4d5-46b8-929c-50d0dfee9934,DÉCIO MONZONI LANG EM,SME RIO PRETO,Avenida José da Silva Sé,400,Parque da Liberdade,Céu,(17) 3215-6340,(17) 98165-0789,,,EMEI,decio.lang@educacao.riopreto.sp.gov.br,135,168,,
,a90b0633-b4d5-46b8-929c-50d0dfee9934,DUNALVA DO AMARAL FARATH EM,SME RIO PRETO,Estrada Municipal José Domingues Netto (GPS),KM150,Estância Navarrete,HB,(17) 3216-5873,(17) 98165-0258,,,EMEI,dunalva.farath@educacao.riopreto.sp.gov.br,85,109,,
,a90b0633-b4d5-46b8-929c-50d0dfee9934,"DURED FAUAZ, DR. EM",SME RIO PRETO,Rua Manoel Ricardo,S/Nº,Bairro Luz da Esperança,nan,(17) 98165-0423,(17) 98165-0423,,,EMEI,dured@educacao.riopreto.sp.gov.br,112,98,,
,a90b0633-b4d5-46b8-929c-50d0dfee9934,ELIZABETE CABALLERO PROFA EM,SME RIO PRETO,Rua José de Alencar,S/Nº,Vila Ercília,Represa,(17) 3222-2053,(17) 98165-0332,,,EMEI,e.caballero@educacao.riopreto.sp.gov.br,193,,,
,a90b0633-b4d5-46b8-929c-50d0dfee9934,ELIZABETE CABALLERO PROFA EM - Unidade II,SME RIO PRETO,Rua Marechal Deodoro da Fonseca,4038,Vila Santa Cruz,HB,(17) 3222-1779,(17) 98165-0332,,,EMEI,e.caballero@educacao.riopreto.sp.gov.br,,,,
,a90b0633-b4d5-46b8-929c-50d0dfee9934,ELVIRA DE GUZZI RIBEIRO PROFA EM,SME RIO PRETO,Avenida Antonio Buzzini,270,Res. São José do Rio Preto I,Central,(17) 3224-1269,(17) 98165-0577,,,EMEI,elvira.guzzi@educacao.riopreto.sp.gov.br,29,142,,
,a90b0633-b4d5-46b8-929c-50d0dfee9934,EURIDES GARCIA GARCIA EM,SME RIO PRETO,Rua Vinicius César Aguiar,nan,Parque Residencial da Solidariedade,Central,(17) 98165-0266,(17) 98165-0266,,,EMEI,eurides.garcia@educacao.riopreto.sp.gov.br,88,114,,
,a90b0633-b4d5-46b8-929c-50d0dfee9934,EZEQUIEL RAMOS PROF EM,SME RIO PRETO,Praça Carlos Gomes,938,Boa Vista,Bosque,(17) 3232-6811,(17) 98165-0399,,,EMEF,ezequiel.ramos@educacao.riopreto.sp.gov.br,,,595,
,a90b0633-b4d5-46b8-929c-50d0dfee9934,FADA AZUL EM,SME RIO PRETO,Praça dos Jesuítas,79,Vila Anchieta,Bosque,(17) 3224-1333,(17) 98165-0837,,,EMEI,fada@educacao.riopreto.sp.gov.br,,94,,
,a90b0633-b4d5-46b8-929c-50d0dfee9934,FLAVIO FASANELLI RODRIGUES EM,SME RIO PRETO,Estrada Municipal José Domingues Netto (GPS),KM150,Estância Navarrete,Central,(17) 3216-5837,(17) 98165-0275,,,EMEF,flavio.fasanelli@educacao.riopreto.sp.gov.br,,,251,
,a90b0633-b4d5-46b8-929c-50d0dfee9934,FLÁVIO SCRIGNOLI EM,SME RIO PRETO,Rua Maria Ceron Volpi,267,Vila Toninho,Central,(17) 98165-0298,(17) 98165-0298,,,EMEI,flavio.scrignoli@educacao.riopreto.sp.gov.br,84,64,,
,a90b0633-b4d5-46b8-929c-50d0dfee9934,FORMOSA EEI,SME RIO PRETO,Avenida Nelson da Veiga,100,Jardim do Bosque II,HB,(17) 3224-1011,NULL,,,EMEI,formosa@educacao.riopreto.sp.gov.br,163,,,
,a90b0633-b4d5-46b8-929c-50d0dfee9934,FRANCISCO FELIPE CAPUTO PROF EM,SME RIO PRETO,Rua Professora Zulmira da Silva Salles,897,Parque Industrial,Vila Toninho,(17) 3212-1709,(17) 98165-0343,,,EMEF,felipe.caputo@educacao.riopreto.sp.gov.br,,,488,
,a90b0633-b4d5-46b8-929c-50d0dfee9934,GEORGINA ATRA HAWILLA DONA JOTA EM,SME RIO PRETO,Rua Luiza Maria de Jesus,135,Duas Vendas G,Bosque,(17) 3236-3399,(17) 98165-0529,,,EMEI,g.hawilla@educacao.riopreto.sp.gov.br,82,50,,
,a90b0633-b4d5-46b8-929c-50d0dfee9934,GRÁCIA MARIA DA SILVA BORTOLETO EM,SME RIO PRETO,Rua São Sebastião,18,Distrito de Engenheiro Schmitt,Céu,(17) 3808-1144,(17) 98165-0755,,,EMEI,gracia.bortoleto@educacao.riopreto.sp.gov.br,93,44,,
,a90b0633-b4d5-46b8-929c-50d0dfee9934,GRÁCIA MARIA DA SILVA BORTOLETO EM - Unidade II,SME RIO PRETO,Rua São Bento,530,Distrito de Engenheiro Schmitt,Céu,(17) 3808-1175,(17) 98165-0755,,,EMEI,gracia.bortoletoii@educacao.riopreto.sp.gov.br,,,,
,a90b0633-b4d5-46b8-929c-50d0dfee9934,GRACILIANO RAMOS EM,SME RIO PRETO,Rua Jackeline Freitas do Prado,500,Parque Residencial da Lealdade,Schmitt,(17) 3229-7604,(17) 98165-0452,,,EMEI,graciliano.ramos@educacao.riopreto.sp.gov.br,136,172,,
,a90b0633-b4d5-46b8-929c-50d0dfee9934,GUIOMAR MAIA PROFA EM,SME RIO PRETO,Rua Luzia da Costa Carvalho,S/Nº,São Deocleciano,Schmitt,(17) 3224-5849,(17) 98165-0589,,,EMEF,guiomar.maia@educacao.riopreto.sp.gov.br,,159,460,
,a90b0633-b4d5-46b8-929c-50d0dfee9934,HALIM ATIQUE PROF DR EM,SME RIO PRETO,Rua Waldemiro Naffah,70,Jardim Belo Horizonte,Talhado,(17) 3237-3588,(17) 98165-0435,,,EMEF,halim.atique@educacao.riopreto.sp.gov.br,,,581,
,a90b0633-b4d5-46b8-929c-50d0dfee9934,IEDA DE SEIXAS SOUZA EM,SME RIO PRETO,Rua Francisco Chicuta de Viveres,80,Parque das Amoras II,Represa,(17) 3238-1216,(17) 98165-0038,,,EMEF,ieda.souza@educacao.riopreto.sp.gov.br,,,475,
,a90b0633-b4d5-46b8-929c-50d0dfee9934,ILDA BARBOSA DOS SANTOS EM,SME RIO PRETO,Avenida Danilo Galeazzi,2617,Jardim Seyon,Cidade da Criança,(17) 3221-5118,(17) 98165-0210,,,EMEI,ilda.barbosa@educacao.riopreto.sp.gov.br,114,,,
,a90b0633-b4d5-46b8-929c-50d0dfee9934,IRMÃ DULCE EM,SME RIO PRETO,Rua Ida Tagliavani Polachini,S/Nº,Jardim Santo Antônio,Schmitt,(17) 3217-4021,(17) 98165-0464,,,EMEI,irma.dulce@educacao.riopreto.sp.gov.br,232,,,
,a90b0633-b4d5-46b8-929c-50d0dfee9934,IRMÃ ESTELITA EEI,SME RIO PRETO,Rua Antônio de Godoy,3637,Vila Redentora,Bosque,(17) 3235-2425,NULL,,,EMEI,estelita@educacao.riopreto.sp.gov.br,171,,,
,a90b0633-b4d5-46b8-929c-50d0dfee9934,IRMÃ IZALTINA MARIA EEI,SME RIO PRETO,Rua Izaías Luciano da Silva,291,Caic II,Céu,(17) 3238-5299,NULL,,,EMEI,izaltina@educacao.riopreto.sp.gov.br,148,,,
,a90b0633-b4d5-46b8-929c-50d0dfee9934,IRMÃ JULIETA EEI,SME RIO PRETO,Rua Olavo Guimarães Correa,860,Parque Estoril,Central,(17) 3226-6388,NULL,,,EMEI,julieta@educacao.riopreto.sp.gov.br,228,,,
,a90b0633-b4d5-46b8-929c-50d0dfee9934,IRMÃ MARTHA MARIA EM,SME RIO PRETO,Rua Marechal Eurico Gaspar Dutra,605,Solo Sagrado,Vila Toninho,(17) 3236-4778,(17) 98165-0305,,,EMEI,martha@educacao.riopreto.sp.gov.br,260,,,
,a90b0633-b4d5-46b8-929c-50d0dfee9934,ISRAEL CESTARI EM,SME RIO PRETO,Rua Irlan Leite de Abreu,251,Residencial da Fraternidade 2,HB,(17) 99654-8666,(17) 98165-0728,,,EMEI,israelcestari@educacao.riopreto.sp.gov.br,107,152,,
,a90b0633-b4d5-46b8-929c-50d0dfee9934,JACY SALLES DA SILVA PROFA EM,SME RIO PRETO,Rua Joaquim Pereira Garcia,1080,Jardim João Paulo II,Pinheirinho,(17) 3225-2917,(17) 98165-0702,,,EMEI,jacy.salles@educacao.riopreto.sp.gov.br,,166,,
,a90b0633-b4d5-46b8-929c-50d0dfee9934,JANDIRA CAETANO RIBEIRO EM,SME RIO PRETO,Estrada Municipal Valdomiro Lopes da Silva,S/Nº,Estância Bela Vista,Schmitt,(17) 3236-5879,(17) 98165-0315,,,EMEI,jandira.caetano@educacao.riopreto.sp.gov.br,173,329,,
,a90b0633-b4d5-46b8-929c-50d0dfee9934,JOANA CASAGRANDE VINHA EM,SME RIO PRETO,Rua Joaquim Rodrigues Junior,S/Nº,Distrito de Talhado,Bosque,(17) 3829-6258,(17) 98165-0316,,,EMEIF,joana.casagrande@educacao.riopreto.sp.gov.br,59,54,149,
,a90b0633-b4d5-46b8-929c-50d0dfee9934,JOÃO JORGE SABINO DR EM,SME RIO PRETO,Rua Maria Elias Cury,S/Nº,Parque Estoril,Pinheirinho,(17) 3227-6721,(17) 98165-0821,,,EMEF,jorge.sabino@educacao.riopreto.sp.gov.br,,,541,
,a90b0633-b4d5-46b8-929c-50d0dfee9934,JOÃO JOSÉ FÉRIS PROF EM,SME RIO PRETO,Rua Maria Ceron Volpe,751,Vila Toninho,Talhado,(17) 3238-1221,(17) 98165-0856,,,EMEF,joao.feris@educacao.riopreto.sp.gov.br,,,449,
,a90b0633-b4d5-46b8-929c-50d0dfee9934,JOÃOZINHO E MARIA EM,SME RIO PRETO,Rua Belmonte,967,Vila Ipiranga,HB,(17) 3224-2385,(17) 98165-0492,,,EMEI,joaozinhomaria@educacao.riopreto.sp.gov.br,,105,,
,a90b0633-b4d5-46b8-929c-50d0dfee9934,JOSÉ BARBAR CURY DR EM,SME RIO PRETO,Avenida Jamil Feres Kfuri,405,São Manoel,Vila Toninho,(17) 3227-5099,(17) 98165-0593,,,EMEI,barbar.cury@educacao.riopreto.sp.gov.br,56,75,,
,a90b0633-b4d5-46b8-929c-50d0dfee9934,JOSÉ JOAQUIM GONCALVES DOM EM,SME RIO PRETO,Rua General Osório,555,Parque Industrial,Central,(17) 3231-1469,(17) 98165-0727,,,EMEI,joaquim.goncalves@educacao.riopreto.sp.gov.br,162,,,
,a90b0633-b4d5-46b8-929c-50d0dfee9934,JOSÉ MARIA ROLLEMBERG SAMPAIO DR EM,SME RIO PRETO,Rua Hermógenes de Faria,4157,Vila São Jorge,HB,(17) 3236-4722,(17) 98165-0328,,,EMEIF,maria.rollemberg@educacao.riopreto.sp.gov.br,,,264,
,a90b0633-b4d5-46b8-929c-50d0dfee9934,"JOSÉ RENATO PEREIRA BRITO, DR. EM",SME RIO PRETO,Rua João Batista Sonagle,100,Parque das Perdizes,Cidade da Criança,(17) 3237-0847,(17) 98165-0438,,,EMEI,jose.renato@educacao.riopreto.sp.gov.br,,,,
,a90b0633-b4d5-46b8-929c-50d0dfee9934,JÚLIO DE FARIA E SOUZA JUNIOR PROF EM,SME RIO PRETO,Rua Edson Pupin,751,Jardim Santo Antônio,Central,(17) 3236-5037,(17) 98165-0425,,,EMEI,faria.souza@educacao.riopreto.sp.gov.br,,399,,
,a90b0633-b4d5-46b8-929c-50d0dfee9934,LAERTE TEIXEIRA DA COSTA PROF EM,SME RIO PRETO,Rua Bait Chalela,170,Jardim Bordon,Céu,(17) 3225-4040,(17) 98165-0334,,,EMEI,laerte.teixeira@educacao.riopreto.sp.gov.br,32,146,,
,a90b0633-b4d5-46b8-929c-50d0dfee9934,LETÍCIA DI LORENZO ARROYO EM,SME RIO PRETO,Rua Marcelo Alessandro Cavallini,486,Parque Nova Esperança,Céu,(17) 3219-7860,(17) 98165-0485,,,EMEI,leticia.arroyo@educacao.riopreto.sp.gov.br,242,,,
,a90b0633-b4d5-46b8-929c-50d0dfee9934,LOTF JOÃO BASSITT DR EM,SME RIO PRETO,Rua Felício Scaff,S/Nº,São Deocleciano,Central,(17) 3224-0967,(17) 98165-0622,,,EMEI,joao.bassit@educacao.riopreto.sp.gov.br,309,,,
,a90b0633-b4d5-46b8-929c-50d0dfee9934,LOURIVAL PIRES FRAGA EM,SME RIO PRETO,Rua José Purcino,71,Luz da Esperança,Céu,(17) 3213-2124,(17) 98165-0344,,,EMEF,lourival.fraga@educacao.riopreto.sp.gov.br,,,88,
,a90b0633-b4d5-46b8-929c-50d0dfee9934,LUCI APARECIDA ZAINUM HAGE EM,SME RIO PRETO,Rua José Del Campo,1100,Jardim Viena,Represa,(17) 3227-9768,(17) 98165-0457,,,EMEI,luci.aparecida@educacao.riopreto.sp.gov.br,142,,,
,a90b0633-b4d5-46b8-929c-50d0dfee9934,LUIZ ANTONIO FLEURY FILHO EM,SME RIO PRETO,Rua Rosa Antônia da Silva Azevedo,201,Egydio Zani,nan,(17) 98165-0220,(17) 98165-0220,,,EMEF,fleury.filho@educacao.riopreto.sp.gov.br,,,286,
,a90b0633-b4d5-46b8-929c-50d0dfee9934,LUIZ JACOB EM,SME RIO PRETO,Rua Gumercindo de Oliveira Barros,919,São Francisco,Represa,(17) 3227-2418,(17) 98165-0353,,,EMEF,luiz.jacob@educacao.riopreto.sp.gov.br,,,169,47
,a90b0633-b4d5-46b8-929c-50d0dfee9934,LUZIA APARECIDA PENHA DOS SANTOS EM,SME RIO PRETO,Rua General Osório,2170,Jardim Canaã,HB,(17) 3234-7621,(17) 98165-0544,,,EMEI,luzia.santos@educacao.riopreto.sp.gov.br,,86,,
,a90b0633-b4d5-46b8-929c-50d0dfee9934,LYDIA SANFELICE PROFA EM,SME RIO PRETO,Rua Luciano Liso,370,Jardim Bela Vista,HB,(17) 3224-3690,(17) 98165-0360,,,EMEF,lydia.sanfelice@educacao.riopreto.sp.gov.br,,,708,
,a90b0633-b4d5-46b8-929c-50d0dfee9934,MANOEL ANTUNES PROF EM,SME RIO PRETO,Avenida Beatriz da Conceição,470,Solo Sagrado,Central,(17) 3236-1738,(17) 98165-0372,,,EMEI,manoel.antunes@educacao.riopreto.sp.gov.br,12,175,,
,a90b0633-b4d5-46b8-929c-50d0dfee9934,MÁRCIA AFFINI BAGDASARYAN EEI,SME RIO PRETO,Rua Beraldo Prata,555,Cristo Rei,Central,(17) 3238-5366,NULL,,,EMEI,marcia.affini@educacao.riopreto.sp.gov.br,113,,,
,a90b0633-b4d5-46b8-929c-50d0dfee9934,MARIA EMMELINA ROQUETTE VERDI EM,SME RIO PRETO,Rua Antonio Severo dos Santos,878,Jardim Campo Belo,Pinheirinho,(17) 98165-0458,(17) 98165-0458,,,EMEF,maria.emmelina@educacao.riopreto.sp.gov.br,,,434,
,a90b0633-b4d5-46b8-929c-50d0dfee9934,MARIA FARIA DE VASCONCELOS PROFA EM,SME RIO PRETO,Rua Felipe Abrão Maluf,600,Jardim Ouro Verde,Vila Toninho,(17) 3226-2788,(17) 98165-0695,,,EMEI,faria.vasconcelos@educacao.riopreto.sp.gov.br,39,135,,
,a90b0633-b4d5-46b8-929c-50d0dfee9934,MARIA INÊS ARNAL EEI,SME RIO PRETO,Avenida Danilo Galeazzi,2835,Jardim João Paulo II,Pinheirinho,(17) 3225-5375,NULL,,,EMEI,maria.arnal@educacao.riopreto.sp.gov.br,273,,,
,a90b0633-b4d5-46b8-929c-50d0dfee9934,MARIA INÊS ARNAL EEI - Unidade II,SME RIO PRETO,Rua Rosa Generosa Pinheiro,615,Jardim João Paulo II,HB,(17) 3225-9600,(17) 99109-0401,,,EMEI,maria.arnal@educacao.riopreto.sp.gov.br,,,,
,a90b0633-b4d5-46b8-929c-50d0dfee9934,MARIA LUIZA OLIVEIRA E SILVA EEI,SME RIO PRETO,Avenida Major Léo Lerro,2300,Vitória Régia,Bosque,(17) 3238-1900,NULL,,,EMEI,maria.luiza@educacao.riopreto.sp.gov.br,138,,,
,a90b0633-b4d5-46b8-929c-50d0dfee9934,MARIA MARCOLINA DA COSTA FARIA EEI,SME RIO PRETO,Rua Mario Gomyde,630,São Francisco,Bosque,(17) 3226-2544,NULL,,,EMEI,maria.marcolina@educacao.riopreto.sp.gov.br,131,,,
,a90b0633-b4d5-46b8-929c-50d0dfee9934,MARIO DE MORAIS ALTENFELDER SILVA EM,SME RIO PRETO,Avenida Monte Aprazível,3408,Eldorado,Vila Toninho,(17) 3236-8100,(17) 98165-0795,,,EMEI,mario.altenfelder@educacao.riopreto.sp.gov.br,168,,,
,a90b0633-b4d5-46b8-929c-50d0dfee9934,MENINO JESUS EM,SME RIO PRETO,Avenida São José do Rio Preto,3050,Eldorado,HB,(17) 3236-8349,(17) 98165-0742,,,EMEI,meninojesus@educacao.riopreto.sp.gov.br,,210,,
,a90b0633-b4d5-46b8-929c-50d0dfee9934,MEU AMOR EM,SME RIO PRETO,Rua Noruega,355,Jardim Alto Rio Preto,Cidade da Criança,(17) 3234-6841,(17) 98165-0804,,,EMEI,meuamor@educacao.riopreto.sp.gov.br,64,98,,
,a90b0633-b4d5-46b8-929c-50d0dfee9934,MEU AMOR EM - Unidade II,SME RIO PRETO,Rua Orsini Dias de Aguiar,183,Jardim Alvorada,Cidade da Criança,(17) 3235-1044,NULL,,,EMEI,meuamor@educacao.riopreto.sp.gov.br,,,,
,a90b0633-b4d5-46b8-929c-50d0dfee9934,MICHEL PEDRO SAWAYA PROF EM,SME RIO PRETO,Rua Darci Friederich Pacheco,440,Cristo Rei,Central,(17) 3238-3422,(17) 98165-0393,,,EMEF,michel.pedro@educacao.riopreto.sp.gov.br,,,370,45
,a90b0633-b4d5-46b8-929c-50d0dfee9934,MODESTO RODRIGUES MARQUES PROF EM,SME RIO PRETO,Rua Maria Onofre Lopes dos Santos,1203,Vila Toninho,Central,(17) 3238-1515,(17) 98165-0726,,,EMEI,modesto.rodrigues@educacao.riopreto.sp.gov.br,,173,,
,a90b0633-b4d5-46b8-929c-50d0dfee9934,MODESTO RODRIGUES MARQUES PROF EM - Unidade II,SME RIO PRETO,Rua Antônio Lopes dos Santos,536,Vila Toninho,Vila Toninho,(17) 3238-1515,NULL,,,EMEI,modesto.rodriguesii@educacao.riopreto.sp.gov.br,,,,
,a90b0633-b4d5-46b8-929c-50d0dfee9934,MÔNICA E CEBOLINHA EM,SME RIO PRETO,Rua Arnaldo Affini,262,Jardim Belo Horizonte,Cidade da Criança,(17) 3236-7282,(17) 98165-0408,,,EMEI,monicacebolinha@educacao.riopreto.sp.gov.br,,174,,
,a90b0633-b4d5-46b8-929c-50d0dfee9934,NEIDE EGÉA LAGUNA PROFA EM,SME RIO PRETO,Rua Américo Agrelli,331,Parque da Cidadania,Cidade da Criança,(17) 3217-7984,(17) 98165-0419,,,EMEI,neide.laguna@educacao.riopreto.sp.gov.br,208,,,
,a90b0633-b4d5-46b8-929c-50d0dfee9934,NEUZA CASTRO BUZZINI EM,SME RIO PRETO,Rua Silva Jardim,1831,Boa Vista,Cidade da Criança,(17) 3212-7095,(17) 98165-0797,,,EMEI,neuza.buzzini@educacao.riopreto.sp.gov.br,122,,,
,a90b0633-b4d5-46b8-929c-50d0dfee9934,NICE BEOLCHI NUNES FERREIRA EM,SME RIO PRETO,Rua Amilde Tedeschi,S/Nº,Residencial Dom Lafayete Libânio,Céu,(17) 3236-6454,(17) 98165-0521,,,EMEI,nice.beolchi@educacao.riopreto.sp.gov.br,147,,,
,a90b0633-b4d5-46b8-929c-50d0dfee9934,NOÊMIA BORIN RADUAN EEI,SME RIO PRETO,Rua Fernão Dias Paes Leme,350,Vila Maceno,Central,(17) 3224-6432,NULL,,,EMEI,noemia.raduan@educacao.riopreto.sp.gov.br,137,,,
,a90b0633-b4d5-46b8-929c-50d0dfee9934,NORBERTO BUZZINI DR EM,SME RIO PRETO,Rua Waldomiro Nadotti,800,Jardim Yolanda,Pinheirinho,(17) 3225-1050,(17) 98165-0693,,,EMEF,norberto@educacao.riopreto.sp.gov.br,,,419,
,a90b0633-b4d5-46b8-929c-50d0dfee9934,ODAIR ALUÍZIO TORTORELLO PROF EM,SME RIO PRETO,Rua Iriritiba,1260,Jardim Sônia,Central,(17) 3234-8525,(17) 98165-0415,,,EMEI,odair.tortorello@educacao.riopreto.sp.gov.br,97,,,
,a90b0633-b4d5-46b8-929c-50d0dfee9934,OLDEMAR STOBBE PROF EM,SME RIO PRETO,Rua José Elias Abrahão,105,Residencial Gabriella,Represa,(17) 3217-6306,(17) 98165-0547,,,EMEF,oldemar.stobbe@educacao.riopreto.sp.gov.br,,,437,
,a90b0633-b4d5-46b8-929c-50d0dfee9934,OLGA MALLOUK LOPES DA SILVA PROFA EM,SME RIO PRETO,Rua Michel Jacob,515,Jardim Simões,Central,(17) 3236-2900,(17) 98165-0481,,,EMEF,olga.mallouk@educacao.riopreto.sp.gov.br,,,545,
,a90b0633-b4d5-46b8-929c-50d0dfee9934,ORESTES QUERCIA DR EM,SME RIO PRETO,Rua Jesus Cristo,441,Solo Sagrado,Cidade da Criança,(17) 3236-1332,(17) 98165-0421,,,EMEI,orestes.quercia@educacao.riopreto.sp.gov.br,,237,,
,a90b0633-b4d5-46b8-929c-50d0dfee9934,ORLANDO GUARESCHI EM,SME RIO PRETO,Rua Regente Feijó,33,Vila Ercília,Céu,(17) 3235-2073,(17) 98165-0839,,,EMEI,orlando.guareschi@educacao.riopreto.sp.gov.br,139,,,
,a90b0633-b4d5-46b8-929c-50d0dfee9934,OSCAR ARANTES PIRES PROF EM,SME RIO PRETO,Rua Imperial,569,Imperial,Pinheirinho,(17) 3233-6298,(17) 98165-0849,,,EMEF,oscar.pires@educacao.riopreto.sp.gov.br,,,277,
,a90b0633-b4d5-46b8-929c-50d0dfee9934,"OSNI ASSIS PEREIRA, EM (EGYDIO ZANI)",SME RIO PRETO,Rua Aparecida Rosa dos Santos Carrige,576,Egydio Zani,Central,17 98165-0674,(17) 98165-0674,,,EMEI,osni.assis@educacao.riopreto.sp.gov.br,105,125,,
,a90b0633-b4d5-46b8-929c-50d0dfee9934,OSVALDO DE CARVALHO EM,SME RIO PRETO,Rua Joaquim Osório Duque Estrada,1180,Jardim Maria Lúcia,Central,(17) 3236-6903,(17) 98165-0568,,,EMEI,osvaldo.carvalho@educacao.riopreto.sp.gov.br,146,,,
,a90b0633-b4d5-46b8-929c-50d0dfee9934,PANTERA COR DE ROSA EM,SME RIO PRETO,Avenida Nova Granada,4320,São Jorge,Bosque,(17) 3237-9766,(17) 98165-0429,,,EMEI,pantera@educacao.riopreto.sp.gov.br,,131,,
,a90b0633-b4d5-46b8-929c-50d0dfee9934,PATO DONALD EM,SME RIO PRETO,Rua Ipiranga,963,,Pinheirinho,(17) 3234-7207,(17) 98165-0446,,,EMEI,pato@educacao.riopreto.sp.gov.br,25,164,,
,a90b0633-b4d5-46b8-929c-50d0dfee9934,PAUL PERCY HARRIS EM,SME RIO PRETO,Rua João Gagliardo,145,Parque da Cidadania,Cidade da Criança,(17) 3236-6313,(17) 98165-0561,,,EMEF,percy.harris@educacao.riopreto.sp.gov.br,,,423,
,a90b0633-b4d5-46b8-929c-50d0dfee9934,PAULO JOSÉ FROES EM,SME RIO PRETO,Estrada Municipal Pastor Dr. José Perozin,S/Nº,Estância Bosque Verde,Central,(17) 3215-3160,(17) 98165-0396,,,EMEI,paulo.froes@educacao.riopreto.sp.gov.br,86,134,,
,a90b0633-b4d5-46b8-929c-50d0dfee9934,PEDRO D'AMICO EM,SME RIO PRETO,Rua Arnaldo Affini,253,Jardim Belo Horizonte,Cidade da Criança,(17) 3236-3860,(17) 98165-0401,,,EMEI,pedrodamico@educacao.riopreto.sp.gov.br,,105,,
,a90b0633-b4d5-46b8-929c-50d0dfee9934,PETER PAN EM,SME RIO PRETO,Rua Itália,77,Vila Sinibaldi,Céu,(17) 3227-8966,(17) 98165-0605,,,EMEI,peterpan@educacao.riopreto.sp.gov.br,52,109,,
,a90b0633-b4d5-46b8-929c-50d0dfee9934,PINÓCHIO EM,SME RIO PRETO,Avenida Otávio Pinto César,1500,Cidade Nova,Bosque,(17) 3226-2744,(17) 98165-0832,,,EMEI,pinochio@educacao.riopreto.sp.gov.br,,199,,
,a90b0633-b4d5-46b8-929c-50d0dfee9934,PRÍNCIPE ENCANTADO EM,SME RIO PRETO,Rua São Sebastião,1213,Parque Industrial,HB,(17) 3234-6345,(17) 98165-0699,,,EMEI,principe@educacao.riopreto.sp.gov.br,16,75,,
,a90b0633-b4d5-46b8-929c-50d0dfee9934,RAIO DE SOL EM,SME RIO PRETO,Rua Wilson Camarin,210,Costa do Sol,HB,(17) 3237-0488,(17) 98165-0451,,,EMEI,raiosol@educacao.riopreto.sp.gov.br,21,204,,
,a90b0633-b4d5-46b8-929c-50d0dfee9934,RAQUEL VERONEZZI MARQUES DA SILVA EEI,SME RIO PRETO,Rua Helena Meucci Costa,S/Nº,Parque das Flores,Central,(17) 3224-5513,NULL,,,EMEI,raquelveronezzi@educacao.riopreto.sp.gov.br,186,,,
,a90b0633-b4d5-46b8-929c-50d0dfee9934,REGINA MALLOUK PROFA EM,SME RIO PRETO,Estrada Pastor Dr. José Perozin,S/Nº,Estância Bosque Verde,Cidade da Criança,(17) 3215-2364,(17) 98165-0754,,,EMEF,regina.mallouk@educacao.riopreto.sp.gov.br,,,501,
,a90b0633-b4d5-46b8-929c-50d0dfee9934,RISCIERI BERTO PROF EM,SME RIO PRETO,Rua Dr. Mário Valadão Furquim,931,Solo Sagrado,Bosque,(17) 3236-6914,(17) 98165-0853,,,EMEF,riscieri.berto@educacao.riopreto.sp.gov.br,,,675,
,a90b0633-b4d5-46b8-929c-50d0dfee9934,RITA MENDES MAMBREU EM,SME RIO PRETO,Avenida Manoel Roberto Cassilas,1325,Estância Santa Catarina,Bosque,(17) 3238-2077,(17) 98165-0773,,,EMEI,rita.mambreu@educacao.riopreto.sp.gov.br,121,126,,
,a90b0633-b4d5-46b8-929c-50d0dfee9934,ROBERTO JORGE EM,SME RIO PRETO,Rua São Bento,471,Gonzaga de Campos,Pinheirinho,(17) 3232-8732,(17) 98165-0658,,,EMEF,roberto.jorge@educacao.riopreto.sp.gov.br,,,156,21
,a90b0633-b4d5-46b8-929c-50d0dfee9934,RUBENS CINTRA DAMIÃO EM,SME RIO PRETO,Rua Cézar Pupim,1150,Parque Jaguaré,Schmitt,(17) 3218-9335,(17) 98165-0183,,,EMEF,rubens.cintra@educacao.riopreto.sp.gov.br,,,422,
,a90b0633-b4d5-46b8-929c-50d0dfee9934,RUY NAZARETH DR EM,SME RIO PRETO,Rua Almelinda Aparecida de Paula Amaral,149,Parque Jaguaré,Cidade da Criança,(17) 3224-5834,(17) 98165-0609,,,EMEF,ruy.nazareth@educacao.riopreto.sp.gov.br,,,639,
,a90b0633-b4d5-46b8-929c-50d0dfee9934,SACI PERERÊ EM,SME RIO PRETO,Avenida dos Estudantes,2139,Vila Nossa Senhora da Aparecida,Bosque,(17) 3234-4264,(17) 98165-0518,,,EMEI,saci@educacao.riopreto.sp.gov.br,,72,,
,a90b0633-b4d5-46b8-929c-50d0dfee9934,SANTA CATARINA LABORÉ EEI,SME RIO PRETO,Rua Valdomiro Lopes da Silva,105,Jardim Belo Horizonte,Bosque,(17) 3219-0037,NULL,,,EMEI,catarina@educacao.riopreto.sp.gov.br,109,,,
,a90b0633-b4d5-46b8-929c-50d0dfee9934,SÉRGIO CAMARGO VER EM,SME RIO PRETO,Rua Manoel Costa Branco,870,Solo Sagrado,Central,(17) 3217-2169,(17) 98165-0453,,,EMEI,sergio.camargo@educacao.riopreto.sp.gov.br,266,,,
,a90b0633-b4d5-46b8-929c-50d0dfee9934,SILVIA COVAS EM,SME RIO PRETO,Rua Alberto Bechara Hage,363,Jardim Simões,Central,(17) 3236-8889,(17) 98165-0263,,,EMEI,silvia.covas@educacao.riopreto.sp.gov.br,208,,,
,a90b0633-b4d5-46b8-929c-50d0dfee9934,SYLVIO BENITO MARTINI DEP EM,SME RIO PRETO,Rua Geraldo Barbosa de Oliveira,2801,Jardim Santo Antônio,Pinheirinho,(17) 3236-7094,(17) 98165-0472,,,EMEF,sylvio.benito@educacao.riopreto.sp.gov.br,,,708,
,a90b0633-b4d5-46b8-929c-50d0dfee9934,SILVIO DE MELO PROF EM,SME RIO PRETO,Avenida Monte Aprazível,S/Nº,Eldorado,Céu,(17) 3237-2008,(17) 98165-0473,,,EMEF,silvio.melo@educacao.riopreto.sp.gov.br,,,364,
,a90b0633-b4d5-46b8-929c-50d0dfee9934,SÍTIO DO PICA PAU AMARELO EM,SME RIO PRETO,Rua Coronel Orlando Pereira Barreto,610,Jardim Estrela,Céu,(17) 3224-0113,(17) 98165-0597,,,EMEI,sitio@educacao.riopreto.sp.gov.br,,76,,
,a90b0633-b4d5-46b8-929c-50d0dfee9934,SOLDADINHO DE CHUMBO EM,SME RIO PRETO,Rua Professor Jamil Kauan,20,Vila Bancária,Cidade da Criança,(17) 3234-7418,(17) 98165-0788,,,EMEI,soldadinho@educacao.riopreto.sp.gov.br,,70,,
,a90b0633-b4d5-46b8-929c-50d0dfee9934,SYLVIA PURITA EM,SME RIO PRETO,Rua Joaquim Antonio Figueiredo,50,Solo Sagrado,Central,(17) 3236-2801,(17) 98165-0479,,,EMEI,sylviapurita@educacao.riopreto.sp.gov.br,179,,,
,a90b0633-b4d5-46b8-929c-50d0dfee9934,TACLA SAID BENETTI EM,SME RIO PRETO,Rua Dr. Walder Antônio Esbrogeo,511,Jardim Santo Antônio,Central,(17) 3236-7229,(17) 98165-0482,,,EMEI,tacla@educacao.riopreto.sp.gov.br,190,,,
,a90b0633-b4d5-46b8-929c-50d0dfee9934,VERA EM,SME RIO PRETO,Rua Umberto Pazotti,253,Jardim Antoniassi,Pinheirinho,(17) 3808-1431,(17) 98165-0247,,,EMEIF,vera@educacao.riopreto.sp.gov.br,,46,250,
,a90b0633-b4d5-46b8-929c-50d0dfee9934,WALFREDO DE ANDRADE FOGAÇA PROF EM,SME RIO PRETO,Rua Adanilo Graciano Pimentel,46,Jardim Itapema,Céu,(17) 3236-4833,(17) 98165-0673,,,EMEF,walfredo.fogaca@educacao.riopreto.sp.gov.br,,,595,
,a90b0633-b4d5-46b8-929c-50d0dfee9934,WILSON ROMANO CALIL DR EM,SME RIO PRETO,Avenida Alberto Olivieri,2695,Jardim Anielli,Schmitt,(17) 3236-8890,(17) 98165-0665,,,EMEF,romano.calil@educacao.riopreto.sp.gov.br,,,659,
,a90b0633-b4d5-46b8-929c-50d0dfee9934,YOLANDA FERRARI VARGAS PROFA EM,SME RIO PRETO,Rua Dezenove de Março,901,Jardim Maria Lúcia,Pinheirinho,(17) 3236-6866,(17) 98165-0491,,,EMEF,yolanda.vargas@educacao.riopreto.sp.gov.br,,,909,
,a90b0633-b4d5-46b8-929c-50d0dfee9934,"ZANONI BATISTA DE AZEVEDO, EM",SME RIO PRETO,Rua Marino Rossi,S/Nº,Pq. Res. João da Silva,nan,(17) 98165-0214,(17) 98165-0214,,,EMEI,zanoni.azevedo@educacao.riopreto.sp.gov.br,164,,,
,a90b0633-b4d5-46b8-929c-50d0dfee9934,ZILDA NATEL EM,SME RIO PRETO,Rua Professora Zulmira da Silva Salles,1187,Parque Industrial,Pinheirinho,(17) 3212-4009,(17) 98165-0841,,,EMEI,zilda@educacao.riopreto.sp.gov.br,184,,,
,a90b0633-b4d5-46b8-929c-50d0dfee9934,ZUMBI DOS PALMARES EM,SME RIO PRETO,Rua Clodulpho Sellman Benevides,421,Vila Hipodromo,Pinheirinho,(17) 3218-1731,(17) 98165-0592,,,EMEI,zumbi@educacao.riopreto.sp.gov.br,,139,,
,a90b0633-b4d5-46b8-929c-50d0dfee9934,CEMA MARIA LUCIA DE OLIVEIRA,SME RIO PRETO,Avenida Brasilusa,500,Jardim Redentor,nan,(17) 3226-1780,NULL,,,,,,,,
,a90b0633-b4d5-46b8-929c-50d0dfee9934,"Centro de Atendimento Educacional Especializado e Convivência ""Profª Odete Nassif Gabriel"" - CAECC",SME RIO PRETO,Rua Antonio Pereira Braga,287,Jardim Fuscaldo,nan,(17) 3224-1848,NULL,,,,,,,,
,a90b0633-b4d5-46b8-929c-50d0dfee9934,Centro de Referência de Educação e Memória da Infância – CREMIN,SME RIO PRETO,Avenida Duque de Caxias,S/N,Jardim Seixas - Represa Municipal,N/A,(17) 3224-0024,NULL,,,,,,,,
,a90b0633-b4d5-46b8-929c-50d0dfee9934,CENTRO GATO DE BOTAS,SME RIO PRETO,Rua Dr. Raul Silva,675,Vila Redentora,nan,(17) 3235-3485,(17) 98165-0630,,,,,,,,
,a90b0633-b4d5-46b8-929c-50d0dfee9934,Centro Integrado de Formação Continuada de Educadores – CEFOR,SME RIO PRETO,Avenida João Batista Vetorazzo,500,Distrito Industrial,N/A,(17) 3232-9426,NULL,,,,,,,,
,a90b0633-b4d5-46b8-929c-50d0dfee9934,CIECC DR AZIZ AB SABER,SME RIO PRETO,Avenida João Batista Vetorazzo,500,Distrito Industrial Waldemar de Oliveira Verde,nan,(17) 3232-9426,NULL,,,,,,,,
